,inverse mean-node-degree,max-tree-depth,node-type-diversity,num-node-types,num-nodes,sentence-length,sentence-length-bare,TTR lemmas-clean-bare,TTR words-clean-bare,lexical-density lemmas-clean-bare,lexical-density words-clean-bare,lexical-diversity lemmas-clean-bare,lexical-diversity words-clean-bare,mean-word-length words-clean-bare
Kruskal-Wallis H stat,1134.324184454488,630.6182453116656,1153.354556270827,749.664245455953,847.4631175145915,1394.7748607339174,1289.9908436563499,546.433551131606,733.4634766068448,891.9510319771958,837.6374978521253,1547.1238675763077,1481.634041904511,1955.343224105873
Kruskal-Wallis p_value,1.145044699175766e-248,3.667404056148412e-139,8.371883461483402e-253,4.746863269254242e-165,2.58875482065609e-186,2.8698845917137854e-305,1.6918356808425148e-282,7.513498689431648e-121,1.5815772936599105e-161,5.51541696710024e-196,3.541795589617808e-184,0.0,0.0,0.0
T Test T stat,28.558979567507542,-22.47490370844208,32.811282293858675,-25.262038676194372,-23.015776874750838,-29.950326076754283,-29.055822796597187,23.932553489740336,26.669653719062527,-21.99506679594192,-21.240394858918027,-35.802194872985346,-34.599920839534505,-36.33654192014585
T Test p value,3.6696530468826197e-178,2.1721486205509963e-111,5.499774136754159e-234,4.735489748924683e-140,1.0733545208023244e-116,1.325431047756945e-195,2.681300485488456e-184,5.68951845760741e-126,9.11814691744481e-156,8.726295574846527e-107,9.655813993205069e-100,1.0528184381573197e-277,1.0840041989884665e-259,6.729287909761833e-286
